{
    "BTC/USD_d": [
        64439.90234375,
        63893.97265625,
        64283.71875
    ],
    "NASDAQ/USD_d": [
        15833.208984375,
        15935.484375,
        15837.494140625
    ],
    "NVDA/USD_d": [
        860.6426391601562,
        864.6569213867188,
        853.3623657226562
    ]
}