{
    "BTC/USD_d": [
        64517.06640625,
        64565.0078125,
        64196.99609375
    ],
    "NASDAQ/USD_d": [
        15494.125,
        15781.0556640625,
        15585.2626953125
    ],
    "NVDA/USD_d": [
        806.9999389648438,
        850.132568359375,
        817.3754272460938
    ]
}