{
    "BTC/USD_d": [
        66805.8125,
        66339.59375,
        65405.6640625
    ],
    "NASDAQ/USD_d": [
        15555.34765625,
        15625.4482421875,
        15618.8505859375
    ],
    "NVDA/USD_d": [
        815.8533325195312,
        830.3772583007812,
        822.6309204101562
    ]
}