{
    "BTC/USD_d": [
        58435.48828125,
        61824.9296875,
        59666.8984375
    ],
    "NASDAQ/USD_d": [
        15669.5234375,
        15778.1064453125,
        15596.201171875
    ],
    "NVDA/USD_d": [
        845.4732666015625,
        856.8163452148438,
        822.706787109375
    ]
}