{
    "BTC/USD_d": [
        67071.6171875,
        67215.3671875,
        65359.25390625
    ],
    "NASDAQ/USD_d": [
        15736.341796875,
        15679.3583984375,
        15719.2255859375
    ],
    "NVDA/USD_d": [
        826.6781616210938,
        826.2109985351562,
        831.8756103515625
    ]
}