{
    "BTC/USD_d": [
        64834.23828125,
        65776.296875,
        65026.5703125
    ],
    "NASDAQ/USD_d": [
        15494.125,
        15781.0556640625,
        15585.2626953125
    ],
    "NVDA/USD_d": [
        806.9999389648438,
        850.132568359375,
        817.3754272460938
    ]
}