{
    "BTC/USD_d": [
        59935.4921875,
        62165.48828125,
        60961.82421875
    ],
    "NASDAQ/USD_d": [
        15693.64453125,
        15907.783203125,
        15654.73046875
    ],
    "NVDA/USD_d": [
        858.8861083984375,
        862.2906494140625,
        842.0545043945312
    ]
}