{
    "BTC/USD_d": [
        64605.1015625,
        63923.01171875,
        64426.67578125
    ],
    "NASDAQ/USD_d": [
        15872.232421875,
        15943.4521484375,
        15869.392578125
    ],
    "NVDA/USD_d": [
        865.7199096679688,
        865.4400634765625,
        856.9252319335938
    ]
}