{
    "BTC/USD_d": [
        63946.91796875,
        64372.36328125,
        63182.2421875
    ],
    "NASDAQ/USD_d": [
        15871.521484375,
        15758.12890625,
        15788.169921875
    ],
    "NVDA/USD_d": [
        855.544921875,
        830.1470336914062,
        845.30029296875
    ]
}