{
    "BTC/USD_d": [
        64759.203125,
        64660.609375,
        63781.32421875
    ],
    "NASDAQ/USD_d": [
        15681.337890625,
        15749.7353515625,
        15639.90625
    ],
    "NVDA/USD_d": [
        823.1077270507812,
        831.6140747070312,
        818.7354736328125
    ]
}