{
    "BTC/USD_d": [
        61925.296875,
        62938.6328125,
        62082.23828125
    ],
    "NASDAQ/USD_d": [
        15957.30859375,
        15862.490234375,
        15814.77734375
    ],
    "NVDA/USD_d": [
        865.29833984375,
        853.4898071289062,
        852.8976440429688
    ]
}