{
    "BTC/USD_d": [
        62145.75,
        63606.44921875,
        62368.30859375
    ],
    "NASDAQ/USD_d": [
        15769.09375,
        15920.6533203125,
        15785.95703125
    ],
    "NVDA/USD_d": [
        860.2196044921875,
        864.58544921875,
        853.0597534179688
    ]
}