{
    "BTC/USD_d": [
        63749.01171875,
        63999.63671875,
        63251.859375
    ],
    "NASDAQ/USD_d": [
        15871.521484375,
        15758.12890625,
        15788.169921875
    ],
    "NVDA/USD_d": [
        855.544921875,
        830.1470336914062,
        845.30029296875
    ]
}